-- phpMyAdmin SQL Dump
-- version 5.1.1-2.fc35
-- https://www.phpmyadmin.net/
--
-- Servidor: localhost
-- Tiempo de generación: 25-11-2021 a las 14:01:03
-- Versión del servidor: 10.5.12-MariaDB
-- Versión de PHP: 8.0.12

SET SQL_MODE = "NO_AUTO_VALUE_ON_ZERO";
START TRANSACTION;
SET time_zone = "+00:00";


/*!40101 SET @OLD_CHARACTER_SET_CLIENT=@@CHARACTER_SET_CLIENT */;
/*!40101 SET @OLD_CHARACTER_SET_RESULTS=@@CHARACTER_SET_RESULTS */;
/*!40101 SET @OLD_COLLATION_CONNECTION=@@COLLATION_CONNECTION */;
/*!40101 SET NAMES utf8mb4 */;

--
-- Base de datos: `gestion18`
--

-- --------------------------------------------------------

--
-- Estructura de tabla para la tabla `config`
--

CREATE TABLE `config` (
  `id` int(11) NOT NULL,
  `nombre` text NOT NULL,
  `valor` varchar(32) NOT NULL DEFAULT ''
) ENGINE=InnoDB DEFAULT CHARSET=latin1;

--
-- Volcado de datos para la tabla `config`
--

INSERT INTO `config` (`id`, `nombre`, `valor`) VALUES
(1, '21232f297a57a5a743894a0e4a801fc3', 'b9ae07e3b17eaf48953ca55180c6dbec'),
(2, 'ba700b6e04e873cdd0db68fbf6ed1241', 'ac5585d98646d255299c359140537783'),
(3, '4072c1c3f468878a7d48dd7a4564cb57', 'c8afefde17024df0bdb0a516f0825f03'),
(4, 'd0dbdfd8edf8dd1608405055c26adc94', 'c4ca4238a0b923820dcc509a6f75849b'),
(5, 'c1a023f6b6496fb16fbf036348a7ecf8', 'b59478e03f4a7381b28feabe0afcda5d');

-- --------------------------------------------------------

--
-- Estructura de tabla para la tabla `estructura`
--

CREATE TABLE `estructura` (
  `id` int(11) NOT NULL,
  `nombre` text DEFAULT NULL,
  `descripcion` text DEFAULT NULL,
  `su` int(11) NOT NULL,
  `ad` int(11) NOT NULL,
  `op` int(11) NOT NULL,
  `us` int(11) NOT NULL
) ENGINE=InnoDB DEFAULT CHARSET=latin1;

--
-- Volcado de datos para la tabla `estructura`
--

INSERT INTO `estructura` (`id`, `nombre`, `descripcion`, `su`, `ad`, `op`, `us`) VALUES
(1, 'main_pri', 'Pantalla de inicio del sistema', 1, 1, 1, 1),
(2, 'menu_list', 'Listado del Menu Principal', 1, 0, 0, 0),
(3, 'operaciones_list', 'Listado de inicio operativo', 1, 1, 1, 0),
(4, 'contrasena_modif', 'ModificaciÃ³n de contraseÃ±a', 1, 1, 1, 1),
(5, 'ciudad_list', 'Listado de Ciudades', 1, 1, 0, 0),
(6, 'operaciones_select', 'Seguimiento de Cliente Operativo', 1, 1, 1, 0),
(7, 'datos_ver', 'Datos de un cliente en particular', 1, 1, 1, 0),
(8, 'saldos_list', 'Adminitración - Listado de saldos con el cliente', 1, 0, 0, 0),
(9, 'visitas_list', 'Operaciones - Listado de visitas al cliente', 1, 1, 1, 0),
(10, 'servicios_list', 'Operaciones - Listado de servicios al cliente', 1, 1, 1, 0),
(11, 'planes_list', 'Operaciones - Listado de planes al cliente', 1, 1, 1, 0),
(12, 'clientes_list', 'Listado de Clientes', 1, 1, 0, 0),
(13, 'equipos_list', 'Operaciones - Opeplus -- Listado de equipos del cliente', 1, 1, 1, 0),
(14, 'equipos_modif', 'Modificación de Equipos', 1, 1, 1, 0),
(15, 'ventas_list', 'Operaciones - Listado de ventas al cliente', 1, 1, 1, 0),
(16, 'ventas_modif', 'ModificaciÃ³n de ventas', 1, 1, 1, 0),
(17, 'visitas_alta', 'Alta de Visitas', 1, 1, 1, 0),
(18, 'plandef_list', 'Listado de planes por defecto', 1, 0, 0, 0),
(19, 'svsdef_list', 'Listado de servicios por defecto', 1, 1, 0, 0),
(20, 'svsdef_alta', 'Alta de servicios por defecto', 1, 1, 0, 0),
(21, 'clasesvs_list', 'Listado de clase de servicios', 1, 1, 0, 0),
(22, 'clasesvs_alta', 'Alta de clase de servicio', 1, 1, 0, 0),
(23, 'tiposvs_list', 'Listado de Tipo de Servicios', 1, 1, 0, 0),
(24, 'tiposvs_alta', 'Alta de Tipo de Servicio', 1, 1, 0, 0),
(25, 'servicios_alta', 'Alta de Servicios', 1, 1, 1, 0),
(26, 'convplan_list', 'Operaciones - Listado de convenios de planes con el cliente', 1, 1, 1, 0),
(27, 'convplan_alta', 'Alta de Convenios de Planes', 1, 1, 0, 0),
(28, 'equipos_alta', 'Alta de Equipos', 1, 1, 1, 0),
(29, 'clientes_modif', 'ModificaciÃ³n y Baja de Clientes', 1, 1, 0, 0),
(30, 'visitas_modif', 'ModificaciÃ³n de Visitas', 1, 1, 1, 0),
(31, 'clientes_alta', 'Alta de Clientes', 1, 1, 0, 0),
(32, 'convsvs_list', 'Operaciones - Listado de convenios de servicios con el cliente', 1, 1, 1, 0),
(33, 'convsvs_alta', 'Alta de convenios de servicios', 1, 1, 0, 0),
(34, 'plandef_modif', 'Modificación de planes por defecto', 1, 0, 0, 0),
(35, 'convplan_modif', 'ModificaciÃ³n de convenios de planes', 1, 1, 0, 0),
(36, 'provincia_list', 'Listado de Provincias', 1, 1, 0, 0),
(37, 'pais_list', 'Listado de Paises', 1, 1, 0, 0),
(38, 'contrplan_list', 'Operaciones - Listado de planes contratados por el cliente', 1, 1, 1, 0),
(39, 'tipo_ope_list', 'Listado de Tipo de OperaciÃ³n', 1, 1, 0, 0),
(40, 'menu_modif', 'Modificaci&oacute;n de items del Menu Principal', 1, 0, 0, 0),
(41, 'svsdef_modif', 'Modificación de servicios por defecto', 1, 1, 0, 0),
(42, 'convdef_list', 'Listado de convenios por defecto', 1, 1, 0, 0),
(43, 'convdef_modif', 'ModificaciÃ³n de Convenio de Defecto', 1, 1, 0, 0),
(44, 'convdef_alta', 'Alta de convenio por defecto', 1, 1, 0, 0),
(45, 'ventas_alta', 'Alta de Ventas', 1, 1, 1, 0),
(46, 'plandef_alta', 'Alta de Plan por defecto', 1, 0, 0, 0),
(47, 'contrplan_alta', 'Alta de Convenios de Planes', 1, 1, 0, 0),
(48, 'convenios_list', 'Operaciones - Listado de convenios con el cliente', 1, 1, 1, 0),
(49, 'convenios_modif', 'Modificación de convenios', 1, 1, 0, 0),
(50, 'servicios_modif', 'ModificaciÃ³n de Servicios', 1, 1, 1, 0),
(51, 'cliplan_list', 'Operaciones - Listado de planes vigentes imputados al cliente', 1, 1, 1, 0),
(52, 'menu_alta', 'Alta de items del Menu Principal', 1, 0, 0, 0),
(53, 'tarifaplan_list', 'Listado de tarifas de planes', 1, 0, 0, 0),
(54, 'tarifaplan_alta', 'Alta de tarifa para Plan', 1, 1, 0, 0),
(55, 'tipoplan_list', 'Listado de Tipo de Planes', 1, 0, 0, 0),
(56, 'claseplan_list', 'Listado de clase de planes', 1, 0, 0, 0),
(57, 'usuario_list', 'Listado de Usuarios', 1, 0, 0, 0),
(58, 'usuario_alta', 'Alta de Usuario', 1, 0, 0, 0),
(59, 'contrasena_alta', 'Alta de contrase&amp;ntilde;a', 1, 1, 1, 1),
(60, 'tipoplan_alta', 'Alta de Tipo de Plan', 1, 0, 0, 0),
(61, 'claseplan_alta', 'Alta de Clase de Plan', 1, 0, 0, 0),
(62, 'tipo_cli_list', 'Listado de Tipo de Clientes', 1, 1, 0, 0),
(63, 'claseplan_modif', 'ModificaciÃ³n y Baja de Clase de Planes', 1, 0, 0, 0),
(64, 'tarifaplan_modif', 'Modificaciï¿½n de tarifas de planes', 1, 1, 0, 0),
(65, 'permisos_modif', 'Administraci&amp;oacute;n de permisos de usuarios', 1, 0, 0, 0),
(66, 'marcalic_list', 'Listado de Marcas', 1, 0, 0, 0),
(67, 'tarifalic_list', 'Listado de tarifas de licencias', 1, 0, 0, 0),
(68, 'clilic_list', 'Operaciones - Listado de licencias vigentes imputados al cliente', 1, 1, 1, 0),
(69, 'marcalic_alta', 'Alta de Marca', 1, 0, 0, 0),
(70, 'productolic_list', 'Listado de productos', 1, 0, 0, 0),
(71, 'productolic_alta', 'Alta de Producto', 1, 0, 0, 0),
(72, 'versionlic_list', 'Listado de versiones', 1, 0, 0, 0),
(73, 'versionlic_alta', 'Alta de versiones', 1, 0, 0, 0),
(74, 'unidadlic_list', 'Listado de Unidades de Licenciamiento', 1, 0, 0, 0),
(75, 'unidadlic_alta', 'Alta de Unidades de Licenciamiento', 1, 0, 0, 0),
(76, 'tarifalic_alta', 'Alta de tarifa para Licencia', 1, 1, 0, 0),
(77, 'tarifalic_modif', 'Modificaci&amp;oacute;n de tarifas para licencias', 1, 1, 0, 0),
(78, 'contrlic_list', 'Operaciones - Listado de licencias contratadas por el cliente', 1, 1, 1, 0),
(79, 'contrlic_alta', 'Operaciones - Alta de licencias contratadas por el cliente', 1, 1, 1, 0),
(80, 'clasesvs_modif', 'Modificación y Baja de clase de servicios', 1, 1, 0, 0),
(81, 'contrlic_modif', 'Operaciones - Modificacion de licencias contratadas por el cliente', 1, 1, 0, 0),
(82, 'main_1', 'Pantalla de inicio del sistema', 1, 1, 1, 1),
(83, 'abm_tipo_cli', 'Tipo de Clientes', 15, 15, 1, 0),
(84, 'operaciones', 'Operaciones', 15, 15, 3, 0),
(85, 'abm_equipos', 'Informacion de equipos', 15, 15, 15, 0),
(86, 'abm_visitas', 'Informacion de visitas', 15, 15, 15, 0),
(87, 'abm_servicios', 'Informacion de servicios', 15, 15, 15, 0),
(88, 'abm_entidad', 'Entidades', 15, 15, 1, 0),
(89, 'abm_ventas', 'Informacion de ventas', 15, 15, 15, 0),
(90, 'abm_implementaciones', 'Informacion de implementaciones', 15, 15, 15, 0),
(91, 'abm_clase_plan', 'Clase de Plan', 15, 15, 1, 0),
(92, 'abm_condiva', 'Condici&amp;oacute;n de IVA', 15, 15, 1, 0),
(93, 'abm_pais', 'Pa&amp;iacute;ses', 15, 15, 1, 0),
(94, 'abm_tipo_moneda', 'Tipo de Moneda', 15, 15, 1, 0),
(95, 'abm_medio', 'Medios de Comunicaci&amp;oacute;n', 15, 15, 15, 0),
(96, 'abm_tipo_plan', 'Tipo de Plan', 15, 15, 1, 0),
(97, 'abm_tipo_doc_afip', 'Tipo de Documentos', 15, 15, 1, 0),
(98, 'convenios_alta', 'Alta de Convenios', 1, 1, 0, 0),
(99, 'abm_clase_servicio', 'Clase de Servicio', 15, 15, 1, 0),
(100, 'usuario_modif', 'Modificaci&amp;oacute;n de Usuarios', 1, 0, 0, 0),
(101, 'abm_menu', 'ABM del Menu', 15, 15, 1, 0),
(102, 'ope_cliente', 'Operaciones con Clientes', 15, 15, 3, 0),
(103, 'abm_matriz', 'Matriz', 15, 15, 1, 0),
(104, 'abm_suscripciones', 'Suscripciones', 15, 15, 1, 0),
(105, 'abm_tarifas_suscripciones', 'Tarifas de Suscripci&amp;oacute;n', 15, 15, 1, 0),
(106, 'abm_prestaciones', 'Prestaciones', 15, 15, 1, 0),
(107, 'abm_usuarios', 'Suscripci&amp;oacute;n Usuarios', 15, 15, 1, 0),
(108, 'abm_domicilio', 'Domicilio de Entidad', 15, 15, 15, 0),
(109, 'abm_provincia', 'Provincias', 15, 15, 1, 0),
(110, 'abm_clase', 'Clases de Suscripci&amp;oacute;n', 15, 15, 1, 0),
(111, 'abm_familia', 'Suscripci&amp;oacute;n Familias', 15, 15, 1, 0),
(112, 'abm_grupo', 'Suscripci&amp;oacute;n Grupos', 15, 15, 1, 0),
(113, 'abm_cuentas', 'ABM del Cuentas', 15, 15, 1, 0),
(114, 'abm_documentacion', 'Documentaci&amp;oacute;n', 15, 15, 1, 0),
(115, 'abm_tipo_visita', 'Tipo de Visita', 15, 15, 1, 0),
(116, 'abm_permisos', 'ABM del Permiso', 15, 0, 0, 0),
(117, 'adm_diario', 'Libro Diario', 15, 15, 0, 0),
(118, 'abm_ciudad', 'Ciudades', 15, 15, 1, 0),
(119, 'abm_saldos', 'Saldos', 15, 15, 1, 0),
(120, 'abm_tipo', 'Tipos', 15, 15, 1, 0),
(121, 'abm_tipo_servicio', 'Tipo de Servicio', 15, 15, 1, 0),
(122, 'abm_tipo_domicilio', 'Tipo de Domicilio', 15, 15, 1, 0),
(123, 'abm_tipo_medio_comunic', 'Tipo de Medio de Comunicaci&amp;oacute;n', 15, 15, 1, 0),
(124, 'abm_archivos', 'Archivos', 15, 15, 1, 0),
(125, 'operaciones_prov', 'Operaciones con Proveedores', 15, 15, 3, 0),
(126, 'ope_proveedor', 'Operaciones con Proveedores', 15, 15, 3, 0),
(127, 'abm_prestaciones_prov', 'Prestaciones de Proveedores', 15, 15, 1, 0),
(128, 'abm_suscripciones_prov', 'Suscripciones de Proveedores', 15, 15, 1, 0),
(129, 'abm_saldos_prov', 'Saldos del Proveedor', 15, 15, 1, 0);

-- --------------------------------------------------------

--
-- Estructura de tabla para la tabla `internos`
--

CREATE TABLE `internos` (
  `Id` int(11) NOT NULL,
  `area` text DEFAULT NULL,
  `oficina` text DEFAULT NULL,
  `prefijo` text DEFAULT NULL,
  `apellido` text DEFAULT NULL,
  `nombre` text DEFAULT NULL,
  `interno` text DEFAULT NULL,
  `telefono` text DEFAULT NULL
) ENGINE=InnoDB DEFAULT CHARSET=latin1;

--
-- Volcado de datos para la tabla `internos`
--

INSERT INTO `internos` (`Id`, `area`, `oficina`, `prefijo`, `apellido`, `nombre`, `interno`, `telefono`) VALUES
(1, 'RECEPCIÓN', '', '', '', '', '*534', ''),
(2, 'CONMUTADOR', '', '', 'GARAGUSO', 'Ignacio', '*0', ''),
(3, 'CONMUTADOR', '', '', 'NOEL', 'María', '*0', ''),
(4, 'CONMUTADOR', '', '', 'GUTKOWSKI', 'Carla', '*0', ''),
(5, 'SECRETARÍA DE PRESIDENCIA', '', 'Srta.', 'ATRIO', 'Marina', '*104', ''),
(6, 'SECRETARÍA DE PRESIDENCIA', '', 'Srta.', 'SEBOK', 'Bárbara', '*105', ''),
(7, 'SECRETARÍA DE PRESIDENCIA', '', 'Sr.', 'MANES', 'Carlos', '*105', ''),
(8, 'RELACIONES INTERNACIONALES', '', 'Dr.', 'MADERA', 'Sergio', '*240', ''),
(9, 'RELACIONES INTERNACIONALES', '', 'Lic.', 'CAMPOS', 'Valeria', '*240', ''),
(10, 'INVESTIGACIÓN', '', 'Dr.', 'TANUS', 'Eduardo', '*130', ''),
(11, 'INVESTIGACIÓN', '', 'Dr.', 'PERALTA', 'Jorge', '*130', ''),
(12, 'INVESTIGACIÓN', '', 'Srta.', 'VALENTI', 'Silvina', '*130', ''),
(13, 'INVESTIGACIÓN', '', 'Dra.', 'FRANSECE', 'Miriam', '*130', ''),
(14, 'UNIDAD AUDITORÍA INTERNA', '', 'Lic.', 'KOMAID VAN GELDEREN', 'José', '*190', ''),
(15, 'UNIDAD AUDITORÍA INTERNA', '', 'Lic.', 'EZCURRA JAHN', 'Victoria', '*191', ''),
(16, 'UNIDAD AUDITORÍA INTERNA', '', 'Dr.', 'SAIED', 'Gustavo', '*191', ''),
(17, 'ASUNTO JURÍDICOS', '', 'Dra.', 'CARBALLA', 'Adriana', '*501', ''),
(18, 'ASUNTO JURÍDICOS', '', 'Dr.', 'IUDICISSA', 'Héctor', '*500', ''),
(19, 'ASUNTO JURÍDICOS', '', 'Srta.', 'DÍAZ', 'Gabriela', '*500', ''),
(20, 'ASUNTO JURÍDICOS', '', 'Srta.', 'GENOVESE', 'Carolina', '*500', ''),
(21, 'SOPORTE TÉCNICO', '', 'Sra.', 'JADRA TAU', 'Roxana', '*188 y *189', ''),
(22, 'SOPORTE TÉCNICO', '', 'Sr.', 'BATISTA', 'Rosario', '*188 y *189', ''),
(23, 'SOPORTE TÉCNICO', '', 'Sr.', 'VIDAURRE', 'Rafael', '*188 y *189', ''),
(24, 'SOPORTE TÉCNICO', '', 'Sr.', 'EBSONOSKY', 'Lucas', '*188 y *189', ''),
(25, 'BANCO DE INMUNOSUPRESORES', '', 'Farm.', 'GARCÍA', 'Julieta', '*560', ''),
(26, 'BANCO DE INMUNOSUPRESORES', '', 'Sr.', 'MANES', 'Carlos', '*563', ''),
(27, 'COMUNICACIÓN SOCIAL', '', 'Lic.', 'FONTANA', 'Roxana', '*510', ''),
(28, 'COMUNICACIÓN SOCIAL', '', 'Sr.', 'ESPINOSA', 'Walter', '*510', ''),
(29, 'COMUNICACIÓN SOCIAL', 'Secretaría', 'Srta.', 'CASTRO', 'Gabriela', '*511', ''),
(30, 'COMUNICACIÓN SOCIAL', 'Secretaría CODEIN', 'Srta.', 'GARCÍA NAYA', 'Fernanda', '*522', ''),
(31, 'COMUNICACIÓN SOCIAL', 'Prensa', 'Lic.', 'RABOTNIKOF', 'Pablo', '*520', ''),
(32, 'COMUNICACIÓN SOCIAL', 'Prensa', 'Lic.', 'ROUTUROU', 'Alejandro', '*521', ''),
(33, 'COMUNICACIÓN SOCIAL', 'Prensa', 'Tec.', 'MIRAMONTES', 'Hilen', '*521', ''),
(34, 'COMUNICACIÓN SOCIAL', 'Prensa', 'Sr.', 'IMPARATO', 'Juan Carlos', '*521', ''),
(35, 'COMUNICACIÓN SOCIAL', 'Diseño Gráfico', 'Diseñadora', 'SUED', 'Yamila', '*517', ''),
(36, 'COMUNICACIÓN SOCIAL', 'Diseño Gráfico', 'Diseñadora', 'BEST', 'Lorena', '*517', ''),
(37, 'COMUNICACIÓN SOCIAL', 'Orientación a Pacientes', 'Lic.', 'BINDSTEIN', 'Geraldine', '*524', ''),
(38, 'COMUNICACIÓN SOCIAL', 'Orientación a Pacientes', 'Lic.', 'TONELLI', 'Andrea', '*526', ''),
(39, 'COMUNICACIÓN SOCIAL', 'Orientación a Pacientes', 'Lic.', 'PACÍFICO', 'Mariela', '*527', ''),
(40, 'COMUNICACIÓN SOCIAL', 'Orientación a Pacientes', 'Lic.', 'DRIMA', 'Daniela', '*514', ''),
(41, 'COMUNICACIÓN SOCIAL', 'Orientación a Pacientes', '', 'URGENCIAS (9:00 a 16:00)', '', '', '15 2154 8518'),
(42, 'COMUNICACIÓN SOCIAL', 'Materiales', 'Sr.', 'NUOZZI', 'Juan', '*519', ''),
(43, 'COMUNICACIÓN SOCIAL', 'Materiales', 'Lic.', 'VILLAR', 'Hugo', '*519', ''),
(44, 'COMUNICACIÓN SOCIAL', 'Materiales', 'Srta.', 'VILLAR', 'Eva', '*519', ''),
(45, 'DIRECCIÓN CIENTÍFICO TÉCNICA', '', 'Dra.', 'BISIGNIANO', 'Liliana', '*400', ''),
(46, 'DIRECCIÓN CIENTÍFICO TÉCNICA', '', 'Sr.', 'GARCÍA GLITZ', 'Pablo', '*400', ''),
(47, 'DIRECCIÓN CIENTÍFICO TÉCNICA', 'Lista de Espera', 'Dra.', 'MAGURNO', 'Marcela', '*405', ''),
(48, 'DIRECCIÓN CIENTÍFICO TÉCNICA', 'Lista de Espera', 'Sra.', 'CRESMANI', 'Claudia', '*406', ''),
(49, 'DIRECCIÓN CIENTÍFICO TÉCNICA', 'Lista de Espera', 'Dr.', 'ANTIK', 'Ariel', '*407', ''),
(50, 'DIRECCIÓN CIENTÍFICO TÉCNICA', 'Lista de Espera', 'Srta.', 'VALIÑO', 'Leonora', '*407', ''),
(51, 'DIRECCIÓN CIENTÍFICO TÉCNICA', 'Lista de Espera', 'Sra.', 'NOSEDA', 'Mónica', '*407', ''),
(52, 'DIRECCIÓN CIENTÍFICO TÉCNICA', 'Lista de Espera', 'Sra.', 'RÍOS', 'María Marta', '*407', ''),
(53, 'DIRECCIÓN CIENTÍFICO TÉCNICA', 'Seguimiento', 'Sra.', 'FAGUNDES', 'Ester', '*401', ''),
(54, 'DIRECCIÓN CIENTÍFICO TÉCNICA', 'Seguimiento', 'Lic.', 'TAGLIAFICHI', 'Viviana', '*403', ''),
(55, 'DIRECCIÓN CIENTÍFICO TÉCNICA', 'Habilitación', 'Sra.', 'BROCOLO', 'Ana Laura', '*402', ''),
(56, 'DIRECCIÓN CIENTÍFICO TÉCNICA', 'Habilitación', 'Sra.', 'CASTILLA', 'Candela', '*402', ''),
(57, 'DIRECCIÓN CIENTÍFICO TÉCNICA', 'Fiscalización', 'Bioq.', 'BUITRAGO', 'Emiliano', '*401', ''),
(58, 'DIRECCIÓN CIENTÍFICO TÉCNICA', 'Fiscalización', 'Sr.', 'HORTA', 'Francisco', '*401', ''),
(59, 'DIRECCIÓN MÉDICA', '', 'Dr.', 'ORLANDI', 'Gabriel ', '*200', ''),
(60, 'DIRECCIÓN MÉDICA', 'Jefe Dpto. Médico Operativo', 'Dr.', 'YANKOWSKI', 'Alejandro', '*211', ''),
(61, 'DIRECCIÓN MÉDICA', 'Secretaría / Insumos / Neurología', '', 'BAU', 'Romina', '', ''),
(62, 'DIRECCIÓN MÉDICA', 'Secretaría / Insumos / Neurología', '', 'CASABE', 'Karina', '', ''),
(63, 'DIRECCIÓN MÉDICA', 'Secretaría / Insumos / Neurología', 'Sr.', 'GARCÍA GLITZ', 'Mariano', '*208', ''),
(64, 'DIRECCIÓN MÉDICA', 'Secretaría / Insumos / Neurología', 'Sr.', 'PILOTTO', 'Juan Pablo', '*207', ''),
(65, 'DIRECCIÓN MÉDICA', 'Guardia Médico Operativa', '', 'GUARDIAS ROTATIVAS', '', '*201', ''),
(66, 'DIRECCIÓN MÉDICA', 'Guardia Médico Operativa', '', 'GUARDIAS ROTATIVAS', '', '*202', ''),
(67, 'DIRECCIÓN MÉDICA', 'Guardia Médico Operativa', '', 'GUARDIAS ROTATIVAS', '', '*203', ''),
(68, 'DIRECCIÓN MÉDICA', 'Guardia Médico Operativa', '', 'GUARDIAS ROTATIVAS', '', '*204', ''),
(69, 'DIRECCIÓN MÉDICA', 'Guardia Médico Operativa', '', 'FAX', '', '*205', ''),
(70, 'DIRECCIÓN MÉDICA', 'Asesores', 'Dra.', 'BARONE', 'María Elisa', '*211', ''),
(71, 'DIRECCIÓN MÉDICA', 'Asesores', 'Sra.', 'CALICCHIO', 'Andrea', '*211', ''),
(72, 'DIRECCIÓN MÉDICA', 'Calidad', 'Dra.', 'COBOS', 'Marisa', '*211', ''),
(73, 'DIRECCIÓN DE ADMINISTRACIÓN', '', 'Lic.', 'KELSEY', 'Mariana', '*300', ''),
(74, 'DIRECCIÓN DE ADMINISTRACIÓN', 'Asistente', '', 'BAU', 'Romina', '*301', ''),
(75, 'DIRECCIÓN DE ADMINISTRACIÓN', 'Recursos Humanos', 'Dr.', 'FRANCO', 'José', '*310 y *311', ''),
(76, 'DIRECCIÓN DE ADMINISTRACIÓN', 'Recursos Humanos', 'Dra.', 'SOTO', 'Laura', '*310 y *311', ''),
(77, 'DIRECCIÓN DE ADMINISTRACIÓN', 'Recursos Humanos', 'Sra.', 'GUERREIRO', 'Liliana', '*310 y *311', ''),
(78, 'DIRECCIÓN DE ADMINISTRACIÓN', 'Recursos Humanos', 'Sra.', 'RÍOS', 'Laura', '*310 y *311', ''),
(79, 'DIRECCIÓN DE ADMINISTRACIÓN', 'Recursos Humanos', 'Sr.', 'COLLIA', 'Ariel', '*310 y *311', ''),
(80, 'DIRECCIÓN DE ADMINISTRACIÓN', 'Recursos Humanos', 'Sra:', 'HAY', 'Solange', '*310 y *311', ''),
(81, 'DIRECCIÓN DE ADMINISTRACIÓN', 'Liquidación de Haberes', 'Sr.', 'PUELLA', 'Patricio', '*311', ''),
(82, 'DIRECCIÓN DE ADMINISTRACIÓN', 'Compras', 'Dra.', 'PETRAGLIA', 'Micaela', '*322', ''),
(83, 'DIRECCIÓN DE ADMINISTRACIÓN', 'Compras', 'Sr.', 'CAMPOS', 'Luciano', '*321', ''),
(84, 'DIRECCIÓN DE ADMINISTRACIÓN', 'Compras', 'Sra.', 'GEHL', 'Laura', '*321', ''),
(85, 'DIRECCIÓN DE ADMINISTRACIÓN', 'Compras', 'Sra.', 'RODRIGUEZ', 'Patricia', '*320', ''),
(86, 'DIRECCIÓN DE ADMINISTRACIÓN', 'Compras', '', 'FAX', '', '*320', ''),
(87, 'DIRECCIÓN DE ADMINISTRACIÓN', 'Tesorería', 'Sra.', 'HORAK', 'Adriana', '*330', ''),
(88, 'DIRECCIÓN DE ADMINISTRACIÓN', 'Tesorería', 'Sra.', 'DEMORTIER', 'Marcela', '*330', ''),
(89, 'DIRECCIÓN DE ADMINISTRACIÓN', 'Tesorería', 'Sr.', 'GARCÍA PUGA', 'Cristian', '*331', ''),
(90, 'DIRECCIÓN DE ADMINISTRACIÓN', 'Tesorería', 'Sr.', 'ZERBONIA', 'Nicolás', '*331', ''),
(91, 'DIRECCIÓN DE ADMINISTRACIÓN', 'Presupuesto', 'Cdor.', 'CLEMENTI', 'Adrián', '*340', ''),
(92, 'DIRECCIÓN DE ADMINISTRACIÓN', 'Presupuesto', 'Sr.', 'GARAY', 'Ariel', '*340', ''),
(93, 'DIRECCIÓN DE ADMINISTRACIÓN', 'Presupuesto', 'Sra.', 'PETRINA', 'Soledad', '*342', ''),
(94, 'DIRECCIÓN DE ADMINISTRACIÓN', 'Presupuesto', 'Sra.', 'MACCHIO', 'Laura', '*342', ''),
(95, 'DIRECCIÓN DE ADMINISTRACIÓN', 'Facturación', 'Cdor.', 'HEINDRIKXS', 'Pedro', '*350', ''),
(96, 'DIRECCIÓN DE ADMINISTRACIÓN', 'Facturación', 'Sr.', 'GUERRA', 'Fernando', '*350', ''),
(97, 'DIRECCIÓN DE ADMINISTRACIÓN', 'Facturación', 'Sra.', 'DE RIVAS', 'Miriam', '*350', ''),
(98, 'DIRECCIÓN DE ADMINISTRACIÓN', 'Facturación', 'Sr.', 'GUILLAUME', 'Fernando', '*350', ''),
(99, 'DIRECCIÓN DE ADMINISTRACIÓN', 'Facturación', 'Sr.', 'CATAROSSI', 'Carlos', '*350', ''),
(100, 'DIRECCIÓN DE ADMINISTRACIÓN', 'Mesa de Entradas', 'Sr.', 'DI GIROLAMO', 'Hugo', '*305', ''),
(101, 'DIRECCIÓN DE ADMINISTRACIÓN', 'Mesa de Entradas', 'Sr.', 'STEFANI', 'Marcelo', '*305', ''),
(102, 'DIRECCIÓN DE ADMINISTRACIÓN', 'Mesa de Entradas', 'Sra.', 'SOTO', 'Cecilia', '*305', ''),
(103, 'DIRECCIÓN DE ADMINISTRACIÓN', 'Pasajes', 'Srta.', 'MEZA', 'Fátima', '*360', ''),
(104, 'DIRECCIÓN DE ADMINISTRACIÓN', 'Pasajes', 'Srta.', 'CORREA', 'Yanina', '*360', ''),
(105, 'DIRECCIÓN DE ADMINISTRACIÓN', 'Capacitación', 'Sra.', 'ZAMUDIO', 'Paula', '*361', ''),
(106, 'DIRECCIÓN DE ADMINISTRACIÓN', 'Mantenimiento y Servicios Generales', 'Sr.', 'PARDO', 'Héctor', '*371', ''),
(107, 'DIRECCIÓN DE ADMINISTRACIÓN', 'Mantenimiento y Servicios Generales', 'Sr.', 'FERNÁNDEZ', 'Benjamín', '*371', ''),
(108, 'DIRECCIÓN DE ADMINISTRACIÓN', 'Mantenimiento y Servicios Generales', 'Sr.', 'GUTIERREZ', 'Marcos', '*371', ''),
(109, 'DIRECCIÓN DE ADMINISTRACIÓN', 'Mantenimiento y Servicios Generales', 'Sr.', 'LASBISTES', 'Nazareno', '*370', ''),
(110, 'DIRECCIÓN DE ADMINISTRACIÓN', 'Mantenimiento y Servicios Generales', 'Sr.', 'ROSAS', 'Jorge', '*370', ''),
(111, 'DIRECCIÓN DE ADMINISTRACIÓN', 'Mantenimiento y Servicios Generales', 'Sr.', 'ROLÓN', 'Alberto', '*370', ''),
(112, 'DIRECCIÓN DE ADMINISTRACIÓN', 'Choferes', 'Sr.', 'CAMPOS', 'Emilio', '*373', ''),
(113, 'DIRECCIÓN DE ADMINISTRACIÓN', 'Choferes', 'Sr.', 'RIZZI', 'Luis', '*373', ''),
(114, 'DIRECCIÓN DE ADMINISTRACIÓN', 'Choferes', 'Sr.', 'MARTINELLI', 'Daniel ', '*373', ''),
(115, 'DIRECCIÓN DE ADMINISTRACIÓN', 'Choferes', 'Sr.', 'IBARRA', 'Ezequiel', '*373', ''),
(116, 'DIRECCIÓN DE ADMINISTRACIÓN', 'Choferes', 'Sr.', 'ORTONE', 'Néstor', '*373', ''),
(117, 'DIRECCIÓN DE ADMINISTRACIÓN', 'Choferes', 'Sr.', 'GUTIERREZ', 'Marcos', '*373', ''),
(118, 'GREMIOS', '', '', 'ATE', '', '*549', ''),
(119, 'GREMIOS', '', '', 'UPCN', '', '*380', ''),
(120, 'DIRECCIÓN CPH', 'Dirección', 'Bioq.', 'RODRIGUEZ CARDOZO', 'B', '700', '5533-1300 y 4304-2038/3852/4059'),
(121, 'DIRECCIÓN CPH', 'Dirección', 'Dr.', 'CANEL', 'Oscar', '700', '5533-1300 y 4304-2038/3852/4060'),
(122, 'DIRECCIÓN CPH', 'Dirección', 'Cdora.', 'TROBETTA', 'Roxana', '700', '5533-1300 y 4304-2038/3852/4061'),
(123, 'DIRECCIÓN CPH', 'Dirección', 'Bioq.', 'GALARZA', 'Pablo', '700', '5533-1300 y 4304-2038/3852/4062'),
(124, 'DIRECCIÓN CPH', 'Dirección', 'Lic.', 'DI TOCCO', 'Florencia', '700', '5533-1300 y 4304-2038/3852/4063'),
(125, 'DIRECCIÓN CPH', 'Captación Donantes', 'Sra.', 'ARIAS', 'Laura', '704/705', '5533-1300 y 4304-2038/3852/4064'),
(126, 'DIRECCIÓN CPH', 'Captación Donantes', 'Tec.', 'DÍAZ', 'Mariela', '704/705', '5533-1300 y 4304-2038/3852/4065'),
(127, 'DIRECCIÓN CPH', 'Captación Donantes', 'Sr.', 'ROMERO', 'Sebastián', '704/705', '5533-1300 y 4304-2038/3852/4066'),
(128, 'DIRECCIÓN CPH', 'Captación Donantes', 'Lic.', 'CUBERO', 'Graciela', '714', '5533-1300 y 4304-2038/3852/4067'),
(129, 'DIRECCIÓN CPH', 'Captación Donantes', 'Sr.', 'CARCABAL', 'Fernando', '714', '5533-1300 y 4304-2038/3852/4068'),
(130, 'DIRECCIÓN CPH', 'Captación Donantes', 'Sr.', 'ROMERO', 'Osmar', '714', '5533-1300 y 4304-2038/3852/4069'),
(131, 'DIRECCIÓN CPH', 'Búsqueda Nacional', 'Lic.', 'ONOFRI', 'Adriana', '708/709', '5533-1300 y 4304-2038/3852/4070'),
(132, 'DIRECCIÓN CPH', 'Búsqueda Nacional', 'Srta.', 'BAZÁN', 'Rocío', '708/709', '5533-1300 y 4304-2038/3852/4071'),
(133, 'DIRECCIÓN CPH', 'Búsqueda Nacional', 'Tec.', 'CORREA', 'Andrea', '708/709', '5533-1300 y 4304-2038/3852/4072'),
(134, 'DIRECCIÓN CPH', 'Búsqueda Nacional', 'Dra:', 'FORMISANO', 'Sandra', '708/709', '5533-1300 y 4304-2038/3852/4073'),
(135, 'DIRECCIÓN CPH', 'Búsqueda Nacional', 'Sr.', 'SAGUIER', 'Cristian', '708/709', '5533-1300 y 4304-2038/3852/4074'),
(136, 'DIRECCIÓN CPH', 'Búsqueda Internacional', 'Sr.', 'ALFARO', 'Gervasio', '711', '5533-1300 y 4304-2038/3852/4075'),
(137, 'DIRECCIÓN CPH', 'Búsqueda Internacional', 'Srta.', 'LASTRA', 'Julieta', '711', '5533-1300 y 4304-2038/3852/4076'),
(138, 'DIRECCIÓN CPH', 'Búsqueda Internacional', 'Sr.', 'FONTANA', 'Fernando', '711', '5533-1300 y 4304-2038/3852/4077'),
(139, 'DIRECCIÓN CPH', 'Búsqueda Internacional', 'Lic.', 'ZORILLA', 'Diego', '711', '5533-1300 y 4304-2038/3852/4078'),
(140, 'DIRECCIÓN CPH', 'Búsqueda Internacional', 'Srta.', 'FERNÁNDEZ', 'Maite', '711', '5533-1300 y 4304-2038/3852/4079'),
(141, 'DIRECCIÓN CPH', 'Facturación', 'Sr.', 'CANEDA', 'Juan Manuel', '706/707', '5533-1300 y 4304-2038/3852/4080'),
(142, 'DIRECCIÓN CPH', 'Facturación', 'Sra.', 'MADRID', 'Sandra', '706/707', '5533-1300 y 4304-2038/3852/4081'),
(143, 'DIRECCIÓN CPH', 'Facturación', 'Sra.', 'RIZZI', 'Teresa', '706/707', '5533-1300 y 4304-2038/3852/4082'),
(144, 'DIRECCIÓN CPH', 'Facturación', 'Lic.', 'BORDA', 'Ignacio', '706/707', '5533-1300 y 4304-2038/3852/4083'),
(145, 'DIRECCIÓN CPH', 'Facturación', 'Lic.', 'FARIAS', 'Ignacio', '713', '5533-1300 y 4304-2038/3852/4084'),
(146, 'DIRECCIÓN CPH', 'Facturación', 'Sra.', 'GRATTONI', 'Alejandra', '713', '5533-1300 y 4304-2038/3852/4085'),
(147, 'DIRECCIÓN CPH', 'Facturación', 'Sra.', 'TRAUT', 'Nancy', '713', '5533-1300 y 4304-2038/3852/4086'),
(148, 'DIRECCIÓN CPH', 'Facturación', 'Sra.', 'GARCÍA DÍAZ', 'Marcela', '713', '5533-1300 y 4304-2038/3852/4087'),
(149, 'DIRECCIÓN INFORMÁTICA', 'Dirección', 'Lic.', 'HANSEN KROG', 'Daniela', '800', '5533-1300 y 4304-2038/3852/4088'),
(150, 'DIRECCIÓN INFORMÁTICA', 'Coordinación de Proyectos', 'Lic.', 'DI MARE', 'Andrea', '812', '5533-1300 y 4304-2038/3852/4089'),
(151, 'DIRECCIÓN INFORMÁTICA', 'Coordinación de Proyectos', 'Ing.', 'PROCOPIO', 'Démian', '812', '5533-1300 y 4304-2038/3852/4090'),
(152, 'DIRECCIÓN INFORMÁTICA', 'Análisis y Desarrollo', '', 'BONOMI', 'Christian', '810', '5533-1300 y 4304-2038/3852/4091'),
(153, 'DIRECCIÓN INFORMÁTICA', 'Análisis y Desarrollo', '', 'CHACHO TAYLOR', 'Esteban', '810', '5533-1300 y 4304-2038/3852/4092'),
(154, 'DIRECCIÓN INFORMÁTICA', 'Análisis y Desarrollo', '', 'JADRA TAU', 'Celeste', '810', '5533-1300 y 4304-2038/3852/4093'),
(155, 'DIRECCIÓN INFORMÁTICA', 'Análisis y Desarrollo', '', 'KESSLER', 'Sergio', '810', '5533-1300 y 4304-2038/3852/4094'),
(156, 'DIRECCIÓN INFORMÁTICA', 'Análisis y Desarrollo', '', 'LOPEZ', 'Manuel', '810', '5533-1300 y 4304-2038/3852/4095'),
(157, 'DIRECCIÓN INFORMÁTICA', 'Análisis y Desarrollo', '', 'MENDEZ', 'Alejandro', '810', '5533-1300 y 4304-2038/3852/4096'),
(158, 'DIRECCIÓN INFORMÁTICA', 'Análisis y Desarrollo', '', 'PETELSKI', 'Juan', '810', '5533-1300 y 4304-2038/3852/4097'),
(159, 'DIRECCIÓN INFORMÁTICA', 'Soporte Técnico', '', 'VESPALI', 'Ignacio', '810', '5533-1300 y 4304-2038/3852/4098'),
(160, 'DIRECCIÓN INFORMÁTICA', 'Atención Usuarios SINTRA', '', 'LUNA', 'Rocío', '830', '5533-1300 y 4304-2038/3852/4099');

-- --------------------------------------------------------

--
-- Estructura de tabla para la tabla `macceso`
--

CREATE TABLE `macceso` (
  `id` int(11) NOT NULL,
  `id_menu` int(11) DEFAULT NULL,
  `id_usuario` int(11) DEFAULT NULL,
  `acceso` tinyint(1) DEFAULT NULL
) ENGINE=InnoDB DEFAULT CHARSET=latin1;

--
-- Volcado de datos para la tabla `macceso`
--

INSERT INTO `macceso` (`id`, `id_menu`, `id_usuario`, `acceso`) VALUES
(1, 10, 25, 1),
(2, 9, 25, 1),
(3, 8, 25, 1),
(4, 7, 25, 1),
(5, 6, 25, 1),
(6, 5, 25, 1),
(7, 4, 25, 1),
(8, 3, 25, 1),
(9, 2, 25, 1),
(10, 13, 25, 1),
(11, 14, 25, 1),
(12, 15, 25, 1),
(13, 16, 25, 1),
(14, 17, 25, 1),
(15, 18, 25, 1),
(16, 19, 25, 1),
(17, 20, 25, 1),
(18, 21, 25, 1),
(19, 22, 25, 1),
(20, 11, 25, 1),
(21, 12, 25, 1),
(22, 13, 25, 1),
(23, 14, 25, 1),
(24, 15, 25, 1),
(25, 16, 25, 1),
(26, 17, 25, 1),
(27, 18, 25, 1),
(28, 19, 25, 1),
(29, 20, 25, 1),
(30, 21, 25, 1),
(31, 22, 25, 1),
(32, 1, 25, 1),
(33, 24, 25, 1),
(34, 23, 25, 1),
(35, 24, 27, 0),
(36, 24, 25, 1),
(37, 1, 28, 1),
(38, 2, 28, 0),
(39, 3, 28, 0),
(40, 4, 28, 1),
(41, 5, 28, 1),
(42, 6, 28, 1),
(43, 7, 28, 1),
(44, 8, 28, 1),
(45, 9, 28, 1),
(46, 10, 28, 1),
(47, 11, 28, 1),
(48, 12, 28, 1),
(49, 13, 28, 1),
(50, 14, 28, 1),
(51, 15, 28, 1),
(52, 16, 28, 1),
(53, 17, 28, 1),
(54, 18, 28, 1),
(55, 19, 28, 1),
(56, 20, 28, 1),
(57, 21, 28, 1),
(58, 22, 28, 1),
(59, 23, 28, 1),
(60, 24, 28, 1),
(61, 30, 27, 0),
(62, 30, 28, 1),
(63, 30, 25, 1),
(64, 34, 27, 0),
(65, 34, 28, 1),
(66, 34, 25, 1),
(67, 42, 27, 0),
(68, 42, 28, 1),
(69, 42, 25, 1),
(70, 43, 27, 0),
(71, 43, 28, 1),
(72, 43, 25, 1),
(73, 44, 27, 0),
(74, 44, 28, 1),
(75, 44, 25, 1),
(76, 45, 27, 0),
(77, 45, 28, 1),
(78, 45, 25, 1),
(79, 46, 27, 0),
(80, 46, 28, 1),
(81, 46, 25, 1),
(82, 47, 27, 0),
(83, 47, 28, 1),
(84, 47, 25, 1),
(85, 48, 27, 0),
(86, 48, 28, 1),
(87, 48, 25, 1),
(88, 49, 27, 0),
(89, 49, 28, 1),
(90, 49, 25, 1),
(91, 50, 27, 0),
(92, 50, 28, 1),
(93, 50, 25, 1),
(94, 51, 27, 0),
(95, 51, 28, 1),
(96, 51, 25, 1),
(97, 52, 27, 0),
(98, 52, 28, 1),
(99, 52, 25, 1),
(100, 53, 27, 0),
(101, 53, 28, 1),
(102, 53, 25, 1),
(103, 54, 27, 0),
(104, 54, 28, 1),
(105, 54, 25, 1),
(106, 55, 27, 0),
(107, 55, 28, 1),
(108, 55, 25, 1),
(109, 56, 27, 0),
(110, 56, 28, 1),
(111, 56, 25, 1),
(112, 57, 27, 0),
(113, 57, 28, 1),
(114, 57, 25, 1),
(115, 58, 27, 0),
(116, 58, 28, 1),
(117, 58, 25, 1),
(118, 59, 27, 0),
(119, 59, 28, 1),
(120, 59, 25, 1),
(121, 60, 27, 0),
(122, 60, 28, 1),
(123, 60, 25, 1),
(124, 61, 27, 0),
(125, 61, 28, 1),
(126, 61, 25, 1),
(127, 62, 27, 0),
(128, 62, 28, 1),
(129, 62, 25, 1),
(130, 63, 27, 0),
(131, 63, 28, 1),
(132, 63, 25, 1),
(133, 64, 27, 0),
(134, 64, 28, 1),
(135, 64, 25, 1),
(136, 65, 27, 0),
(137, 65, 28, 1),
(138, 65, 25, 1),
(139, 66, 27, 0),
(140, 66, 28, 1),
(141, 66, 25, 1),
(142, 67, 27, 0),
(143, 67, 28, 1),
(144, 67, 25, 1),
(145, 68, 27, 0),
(146, 68, 28, 1),
(147, 68, 25, 1),
(148, 69, 27, 0),
(149, 69, 28, 1),
(150, 69, 25, 1),
(151, 70, 27, 0),
(152, 70, 28, 1),
(153, 70, 25, 1),
(154, 71, 27, 0),
(155, 71, 28, 1),
(156, 71, 25, 1),
(157, 72, 27, 0),
(158, 72, 28, 1),
(159, 72, 25, 1),
(160, 73, 27, 0),
(161, 73, 28, 1),
(162, 73, 25, 1),
(163, 74, 27, 0),
(164, 74, 28, 1),
(165, 74, 25, 1);

-- --------------------------------------------------------

--
-- Estructura de tabla para la tabla `menu`
--

CREATE TABLE `menu` (
  `id` int(11) NOT NULL,
  `nombre` text DEFAULT NULL,
  `nivel` int(11) DEFAULT NULL,
  `id_padre` int(11) DEFAULT NULL,
  `link` text DEFAULT NULL,
  `activo` tinyint(1) DEFAULT NULL,
  `su` tinyint(1) DEFAULT NULL,
  `ad` tinyint(1) DEFAULT NULL,
  `op` tinyint(1) DEFAULT NULL,
  `us` tinyint(1) DEFAULT NULL
) ENGINE=InnoDB DEFAULT CHARSET=latin1;

--
-- Volcado de datos para la tabla `menu`
--

INSERT INTO `menu` (`id`, `nombre`, `nivel`, `id_padre`, `link`, `activo`, `su`, `ad`, `op`, `us`) VALUES
(1, 'Configuración', 1, 0, '#', 1, 1, 1, 1, 1),
(2, 'Usuarios', 2, 1, '../../modulos/usuarios/abm_usuarios.php', 1, 1, 0, 0, 0),
(3, 'Menú', 2, 1, '../../basico/menu/abm_menu.php', 1, 1, 0, 0, 0),
(4, 'Localización', 2, 1, '#', 1, 1, 1, 0, 0),
(5, 'Países', 3, 4, '../../basico/localizacion/abm_pais.php', 1, 1, 1, 0, 0),
(6, 'Provincias/Estados', 3, 4, '../../basico/localizacion/abm_provincia.php', 1, 1, 1, 0, 0),
(7, 'Ciudades', 3, 4, '../../basico/localizacion/abm_ciudad.php', 1, 1, 1, 0, 0),
(8, 'Tipo de Cliente', 2, 1, '../../basico/config/abm_tipo_cli.php', 1, 1, 1, 0, 0),
(9, 'Tipo Moneda', 2, 1, '../../basico/config/abm_tipo_moneda.php', 1, 1, 1, 0, 0),
(10, 'Condición IVA', 2, 1, '../../basico/config/abm_condiva.php', 1, 1, 1, 0, 0),
(22, 'Tarifario', 1, 0, '#', 1, 1, 1, 0, 0),
(27, 'Entidades', 1, 0, '../../basico/entidades/abm_entidad.php', 1, 1, 1, 1, 0),
(31, 'Tipo Domicilio', 3, 4, '../../basico/config/abm_tipo_domicilio.php', 1, 1, 1, 0, 0),
(32, 'Tipo Documento (AFIP)', 2, 1, '../../basico/config/abm_tipo_doc_afip.php', 1, 1, 1, 0, 0),
(33, 'Tipo Medio Comunicación', 2, 1, '../../basico/config/abm_tipo_medio_comunic.php', 1, 1, 1, 0, 0),
(37, 'Fase Proyecto', 3, 38, '../../plantec/config/abm_plantecfase.php', 1, 1, 1, 0, 0),
(38, 'Tipo Contratación', 3, 38, '../../plantec/config/abm_plantectipo.php', 1, 1, 1, 0, 0),
(42, 'Operaciones', NULL, 0, '#', 1, 1, 1, 1, 0),
(43, 'Suscripciones', NULL, 22, '../../operaciones/config/abm_tarifas_suscripciones.php', 1, 1, 1, 0, 0),
(68, 'Suscripciones', NULL, 1, '#', 1, 1, 1, 0, 0),
(69, 'Grupos', NULL, 68, '../../operaciones/config/abm_grupo.php', 1, 1, 1, 0, 0),
(70, 'Familias', NULL, 68, '	../../operaciones/config/abm_familia.php', 1, 1, 1, 0, 0),
(71, 'Tipos', NULL, 68, '	../../operaciones/config/abm_tipo.php', 1, 1, 1, 0, 0),
(72, 'Clases', NULL, 68, '	../../operaciones/config/abm_clase.php', 1, 1, 1, 0, 0),
(73, 'Clientes', NULL, 42, '../../operaciones/clientes/operaciones.php', 1, 1, 1, 1, 0),
(74, 'Proveedores', NULL, 42, '	../../operaciones/proveedores/operaciones_prov.php', 1, 1, 1, 1, 0);

-- --------------------------------------------------------

--
-- Estructura de tabla para la tabla `permisos`
--

CREATE TABLE `permisos` (
  `id` int(11) NOT NULL,
  `id_estructura` int(11) DEFAULT NULL,
  `id_usuario` int(11) DEFAULT NULL,
  `acceso` int(11) NOT NULL
) ENGINE=InnoDB DEFAULT CHARSET=latin1;

--
-- Volcado de datos para la tabla `permisos`
--

INSERT INTO `permisos` (`id`, `id_estructura`, `id_usuario`, `acceso`) VALUES
(1, 1, 25, 1),
(2, 1, 26, 1),
(3, 1, 27, 1),
(4, 2, 25, 1),
(5, 2, 26, 1),
(6, 2, 27, 0),
(7, 3, 25, 1),
(8, 3, 26, 1),
(9, 3, 27, 0),
(10, 4, 25, 1),
(11, 4, 26, 1),
(12, 4, 27, 1),
(13, 5, 25, 1),
(14, 5, 26, 1),
(15, 5, 27, 0),
(16, 6, 25, 1),
(17, 6, 26, 1),
(18, 6, 27, 0),
(19, 7, 25, 1),
(20, 7, 26, 1),
(21, 7, 27, 0),
(22, 8, 25, 1),
(23, 8, 26, 1),
(24, 8, 27, 0),
(25, 9, 25, 1),
(26, 9, 26, 1),
(27, 9, 27, 0),
(28, 10, 25, 1),
(29, 10, 26, 1),
(30, 10, 27, 0),
(31, 11, 25, 1),
(32, 11, 26, 1),
(33, 11, 27, 0),
(34, 12, 25, 1),
(35, 12, 26, 1),
(36, 12, 27, 0),
(37, 13, 25, 1),
(38, 13, 26, 1),
(39, 13, 27, 0),
(40, 14, 25, 1),
(41, 14, 26, 1),
(42, 14, 27, 0),
(43, 15, 25, 1),
(44, 15, 26, 1),
(45, 15, 27, 0),
(46, 16, 25, 1),
(47, 16, 26, 1),
(48, 16, 27, 0),
(49, 17, 25, 1),
(50, 17, 26, 1),
(51, 17, 27, 0),
(52, 18, 25, 1),
(53, 18, 26, 1),
(54, 18, 27, 0),
(55, 19, 25, 1),
(56, 19, 26, 1),
(57, 19, 27, 0),
(58, 20, 25, 1),
(59, 20, 26, 1),
(60, 20, 27, 0),
(61, 21, 25, 1),
(62, 21, 26, 1),
(63, 21, 27, 0),
(64, 22, 25, 1),
(65, 22, 26, 1),
(66, 22, 27, 0),
(67, 23, 25, 1),
(68, 23, 26, 1),
(69, 23, 27, 0),
(70, 24, 25, 1),
(71, 24, 26, 1),
(72, 24, 27, 0),
(73, 25, 25, 1),
(74, 25, 26, 1),
(75, 25, 27, 0),
(76, 26, 25, 1),
(77, 26, 26, 1),
(78, 26, 27, 0),
(79, 27, 25, 1),
(80, 27, 26, 1),
(81, 27, 27, 0),
(82, 28, 25, 1),
(83, 28, 26, 1),
(84, 28, 27, 0),
(85, 29, 25, 1),
(86, 29, 26, 1),
(87, 29, 27, 0),
(88, 30, 25, 1),
(89, 30, 26, 1),
(90, 30, 27, 0),
(91, 31, 25, 1),
(92, 31, 26, 1),
(93, 31, 27, 0),
(94, 32, 25, 1),
(95, 32, 26, 1),
(96, 32, 27, 0),
(97, 33, 25, 1),
(98, 33, 26, 1),
(99, 33, 27, 0),
(100, 34, 25, 1),
(101, 34, 26, 1),
(102, 34, 27, 0),
(103, 35, 25, 1),
(104, 35, 26, 1),
(105, 35, 27, 0),
(106, 36, 25, 1),
(107, 36, 26, 1),
(108, 36, 27, 0),
(109, 37, 25, 1),
(110, 37, 26, 1),
(111, 37, 27, 0),
(112, 38, 25, 1),
(113, 38, 26, 1),
(114, 38, 27, 0),
(115, 39, 25, 1),
(116, 39, 26, 1),
(117, 39, 27, 0),
(118, 40, 25, 1),
(119, 40, 26, 1),
(120, 40, 27, 0),
(121, 41, 25, 1),
(122, 41, 26, 1),
(123, 41, 27, 0),
(124, 42, 25, 1),
(125, 42, 26, 1),
(126, 42, 27, 0),
(127, 43, 25, 1),
(128, 43, 26, 1),
(129, 43, 27, 0),
(130, 44, 25, 1),
(131, 44, 26, 1),
(132, 44, 27, 0),
(133, 45, 25, 1),
(134, 45, 26, 1),
(135, 45, 27, 0),
(136, 46, 25, 1),
(137, 46, 26, 1),
(138, 46, 27, 0),
(139, 47, 25, 1),
(140, 47, 26, 1),
(141, 47, 27, 0),
(142, 48, 25, 1),
(143, 48, 26, 1),
(144, 48, 27, 0),
(145, 49, 25, 1),
(146, 49, 26, 1),
(147, 49, 27, 0),
(148, 50, 25, 1),
(149, 50, 26, 1),
(150, 50, 27, 0),
(151, 51, 25, 1),
(152, 51, 26, 1),
(153, 51, 27, 0),
(154, 52, 25, 1),
(155, 52, 26, 1),
(156, 52, 27, 0),
(157, 53, 25, 1),
(158, 53, 26, 1),
(159, 53, 27, 0),
(160, 54, 25, 1),
(161, 54, 26, 1),
(162, 54, 27, 0),
(163, 55, 25, 1),
(164, 55, 26, 1),
(165, 55, 27, 0),
(166, 56, 25, 1),
(167, 56, 26, 1),
(168, 56, 27, 0),
(169, 57, 25, 1),
(170, 57, 26, 1),
(171, 57, 27, 0),
(172, 58, 25, 1),
(173, 58, 26, 1),
(174, 58, 27, 0),
(175, 1, 28, 7),
(176, 2, 28, 3),
(177, 3, 28, 3),
(178, 4, 28, 1),
(179, 5, 28, 1),
(180, 6, 28, 1),
(181, 7, 28, 7),
(182, 8, 28, 1),
(183, 9, 28, 1),
(184, 10, 28, 1),
(185, 11, 28, 1),
(186, 12, 28, 1),
(187, 13, 28, 1),
(188, 14, 28, 1),
(189, 15, 28, 1),
(190, 16, 28, 1),
(191, 17, 28, 1),
(192, 18, 28, 0),
(193, 19, 28, 1),
(194, 20, 28, 1),
(195, 21, 28, 1),
(196, 22, 28, 1),
(197, 23, 28, 1),
(198, 24, 28, 1),
(199, 25, 28, 1),
(200, 26, 28, 1),
(201, 27, 28, 1),
(202, 28, 28, 1),
(203, 29, 28, 1),
(204, 30, 28, 1),
(205, 31, 28, 1),
(206, 32, 28, 1),
(207, 33, 28, 1),
(208, 34, 28, 0),
(209, 35, 28, 1),
(210, 36, 28, 1),
(211, 37, 28, 1),
(212, 38, 28, 1),
(213, 39, 28, 1),
(214, 40, 28, 0),
(215, 41, 28, 1),
(216, 42, 28, 1),
(217, 43, 28, 1),
(218, 44, 28, 1),
(219, 45, 28, 1),
(220, 46, 28, 0),
(221, 47, 28, 1),
(222, 48, 28, 1),
(223, 49, 28, 1),
(224, 50, 28, 1),
(225, 51, 28, 1),
(226, 52, 28, 0),
(227, 53, 28, 0),
(228, 54, 28, 1),
(229, 55, 28, 0),
(230, 56, 28, 0),
(231, 57, 28, 0),
(232, 58, 28, 0),
(233, 59, 25, 1),
(234, 59, 26, 1),
(235, 59, 27, 1),
(236, 59, 28, 1),
(237, 60, 25, 1),
(238, 60, 26, 1),
(239, 60, 27, 0),
(240, 60, 28, 0),
(241, 61, 25, 1),
(242, 61, 26, 1),
(243, 61, 27, 0),
(244, 61, 28, 0),
(245, 62, 25, 1),
(246, 62, 26, 1),
(247, 62, 27, 0),
(248, 62, 28, 1),
(249, 63, 25, 1),
(250, 63, 26, 1),
(251, 63, 27, 0),
(252, 63, 28, 0),
(253, 64, 25, 1),
(254, 64, 26, 1),
(255, 64, 27, 0),
(256, 64, 28, 1),
(257, 65, 25, 1),
(258, 65, 26, 1),
(259, 65, 27, 0),
(260, 65, 28, 0),
(261, 66, 25, 1),
(262, 66, 26, 1),
(263, 66, 27, 0),
(264, 66, 28, 0),
(265, 67, 25, 1),
(266, 67, 26, 1),
(267, 67, 27, 0),
(268, 67, 28, 0),
(269, 68, 25, 1),
(270, 68, 26, 1),
(271, 68, 27, 0),
(272, 68, 28, 1),
(273, 69, 25, 1),
(274, 69, 26, 1),
(275, 69, 27, 0),
(276, 69, 28, 0),
(277, 70, 25, 1),
(278, 70, 26, 1),
(279, 70, 27, 0),
(280, 70, 28, 0),
(281, 71, 25, 1),
(282, 71, 26, 1),
(283, 71, 27, 0),
(284, 71, 28, 0),
(285, 72, 25, 1),
(286, 72, 26, 1),
(287, 72, 27, 0),
(288, 72, 28, 0),
(289, 73, 25, 1),
(290, 73, 26, 1),
(291, 73, 27, 0),
(292, 73, 28, 0),
(293, 74, 25, 1),
(294, 74, 26, 1),
(295, 74, 27, 0),
(296, 74, 28, 0),
(297, 75, 25, 1),
(298, 75, 26, 1),
(299, 75, 27, 0),
(300, 75, 28, 0),
(301, 76, 25, 1),
(302, 76, 26, 1),
(303, 76, 27, 0),
(304, 76, 28, 1),
(305, 77, 25, 1),
(306, 77, 26, 1),
(307, 77, 27, 0),
(308, 77, 28, 1),
(309, 78, 25, 1),
(310, 78, 26, 1),
(311, 78, 27, 0),
(312, 78, 28, 1),
(313, 79, 25, 1),
(314, 79, 26, 1),
(315, 79, 27, 0),
(316, 79, 28, 1),
(317, 80, 25, 1),
(318, 80, 26, 1),
(319, 80, 27, 0),
(320, 80, 28, 1),
(321, 81, 25, 1),
(322, 81, 26, 1),
(323, 81, 27, 0),
(324, 81, 28, 1),
(325, 82, 25, 1),
(326, 82, 26, 1),
(327, 82, 27, 1),
(328, 82, 28, 1),
(329, 83, 25, 15),
(330, 83, 26, 15),
(331, 83, 27, 0),
(332, 83, 28, 15),
(333, 84, 25, 15),
(334, 84, 26, 15),
(335, 84, 27, 0),
(336, 84, 28, 15),
(337, 85, 25, 15),
(338, 85, 26, 15),
(339, 85, 27, 0),
(340, 85, 28, 15),
(341, 86, 25, 15),
(342, 86, 26, 15),
(343, 86, 27, 0),
(344, 86, 28, 15),
(345, 87, 25, 15),
(346, 87, 26, 15),
(347, 87, 27, 0),
(348, 87, 28, 15),
(349, 88, 25, 15),
(350, 88, 26, 15),
(351, 88, 27, 0),
(352, 88, 28, 15),
(353, 89, 25, 15),
(354, 89, 26, 15),
(355, 89, 27, 0),
(356, 89, 28, 15),
(357, 90, 25, 15),
(358, 90, 26, 15),
(359, 90, 27, 0),
(360, 90, 28, 15),
(361, 91, 25, 15),
(362, 91, 26, 15),
(363, 91, 27, 0),
(364, 91, 28, 15),
(365, 92, 25, 15),
(366, 92, 26, 15),
(367, 92, 27, 0),
(368, 92, 28, 15),
(369, 93, 25, 15),
(370, 93, 26, 15),
(371, 93, 27, 0),
(372, 93, 28, 15),
(373, 94, 25, 15),
(374, 94, 26, 15),
(375, 94, 27, 0),
(376, 94, 28, 15),
(377, 95, 25, 15),
(378, 95, 26, 15),
(379, 95, 27, 0),
(380, 95, 28, 15),
(381, 96, 25, 15),
(382, 96, 26, 15),
(383, 96, 27, 0),
(384, 96, 28, 15),
(385, 97, 25, 15),
(386, 97, 26, 15),
(387, 97, 27, 0),
(388, 97, 28, 15),
(389, 98, 25, 1),
(390, 98, 26, 1),
(391, 98, 27, 0),
(392, 98, 28, 1),
(393, 99, 25, 15),
(394, 99, 26, 15),
(395, 99, 27, 0),
(396, 99, 28, 15),
(397, 100, 25, 1),
(398, 100, 26, 1),
(399, 100, 27, 0),
(400, 100, 28, 0),
(401, 101, 25, 15),
(402, 101, 26, 15),
(403, 101, 27, 0),
(404, 101, 28, 15),
(405, 102, 25, 15),
(406, 102, 26, 15),
(407, 102, 27, 0),
(408, 102, 28, 15),
(409, 103, 25, 15),
(410, 103, 26, 15),
(411, 103, 27, 0),
(412, 103, 28, 15),
(413, 104, 25, 15),
(414, 104, 26, 15),
(415, 104, 27, 0),
(416, 104, 28, 15),
(417, 105, 25, 15),
(418, 105, 26, 15),
(419, 105, 27, 0),
(420, 105, 28, 15),
(421, 106, 25, 15),
(422, 106, 26, 15),
(423, 106, 27, 0),
(424, 106, 28, 15),
(425, 107, 25, 15),
(426, 107, 26, 15),
(427, 107, 27, 0),
(428, 107, 28, 15),
(429, 108, 25, 15),
(430, 108, 26, 15),
(431, 108, 27, 0),
(432, 108, 28, 15),
(433, 109, 25, 15),
(434, 109, 26, 15),
(435, 109, 27, 0),
(436, 109, 28, 15),
(437, 110, 25, 15),
(438, 110, 26, 15),
(439, 110, 27, 0),
(440, 110, 28, 15),
(441, 111, 25, 15),
(442, 111, 26, 15),
(443, 111, 27, 0),
(444, 111, 28, 15),
(445, 112, 25, 15),
(446, 112, 26, 15),
(447, 112, 27, 0),
(448, 112, 28, 15),
(449, 113, 25, 15),
(450, 113, 26, 15),
(451, 113, 27, 0),
(452, 113, 28, 15),
(453, 114, 25, 15),
(454, 114, 26, 15),
(455, 114, 27, 0),
(456, 114, 28, 15),
(457, 115, 25, 15),
(458, 115, 26, 15),
(459, 115, 27, 0),
(460, 115, 28, 15),
(461, 116, 25, 15),
(462, 116, 26, 15),
(463, 116, 27, 0),
(464, 116, 28, 0),
(465, 117, 25, 15),
(466, 117, 26, 15),
(467, 117, 27, 0),
(468, 117, 28, 15),
(469, 118, 25, 15),
(470, 118, 26, 15),
(471, 118, 27, 0),
(472, 118, 28, 15),
(473, 119, 25, 15),
(474, 119, 26, 15),
(475, 119, 27, 0),
(476, 119, 28, 15),
(477, 120, 25, 15),
(478, 120, 26, 15),
(479, 120, 27, 0),
(480, 120, 28, 15),
(481, 121, 25, 15),
(482, 121, 26, 15),
(483, 121, 27, 0),
(484, 121, 28, 15),
(485, 122, 25, 15),
(486, 122, 26, 15),
(487, 122, 27, 0),
(488, 122, 28, 15),
(489, 123, 25, 15),
(490, 123, 26, 15),
(491, 123, 27, 0),
(492, 123, 28, 15),
(493, 124, 25, 15),
(494, 124, 26, 15),
(495, 124, 27, 0),
(496, 124, 28, 15),
(497, 125, 25, 15),
(498, 125, 26, 15),
(499, 125, 27, 0),
(500, 125, 28, 15),
(501, 126, 25, 15),
(502, 126, 26, 15),
(503, 126, 27, 0),
(504, 126, 28, 15),
(505, 127, 25, 15),
(506, 127, 26, 15),
(507, 127, 27, 0),
(508, 127, 28, 15),
(509, 128, 25, 15),
(510, 128, 26, 15),
(511, 128, 27, 0),
(512, 128, 28, 15),
(513, 129, 25, 15),
(514, 129, 26, 15),
(515, 129, 27, 0),
(516, 129, 28, 15);

--
-- Índices para tablas volcadas
--

--
-- Indices de la tabla `config`
--
ALTER TABLE `config`
  ADD PRIMARY KEY (`id`),
  ADD UNIQUE KEY `Id` (`id`);

--
-- Indices de la tabla `estructura`
--
ALTER TABLE `estructura`
  ADD PRIMARY KEY (`id`);

--
-- Indices de la tabla `internos`
--
ALTER TABLE `internos`
  ADD PRIMARY KEY (`Id`),
  ADD UNIQUE KEY `Id` (`Id`);

--
-- Indices de la tabla `macceso`
--
ALTER TABLE `macceso`
  ADD PRIMARY KEY (`id`);

--
-- Indices de la tabla `menu`
--
ALTER TABLE `menu`
  ADD PRIMARY KEY (`id`);

--
-- Indices de la tabla `permisos`
--
ALTER TABLE `permisos`
  ADD PRIMARY KEY (`id`);

--
-- AUTO_INCREMENT de las tablas volcadas
--

--
-- AUTO_INCREMENT de la tabla `config`
--
ALTER TABLE `config`
  MODIFY `id` int(11) NOT NULL AUTO_INCREMENT, AUTO_INCREMENT=6;

--
-- AUTO_INCREMENT de la tabla `estructura`
--
ALTER TABLE `estructura`
  MODIFY `id` int(11) NOT NULL AUTO_INCREMENT, AUTO_INCREMENT=130;

--
-- AUTO_INCREMENT de la tabla `internos`
--
ALTER TABLE `internos`
  MODIFY `Id` int(11) NOT NULL AUTO_INCREMENT, AUTO_INCREMENT=161;

--
-- AUTO_INCREMENT de la tabla `macceso`
--
ALTER TABLE `macceso`
  MODIFY `id` int(11) NOT NULL AUTO_INCREMENT, AUTO_INCREMENT=166;

--
-- AUTO_INCREMENT de la tabla `menu`
--
ALTER TABLE `menu`
  MODIFY `id` int(11) NOT NULL AUTO_INCREMENT, AUTO_INCREMENT=75;

--
-- AUTO_INCREMENT de la tabla `permisos`
--
ALTER TABLE `permisos`
  MODIFY `id` int(11) NOT NULL AUTO_INCREMENT, AUTO_INCREMENT=517;
COMMIT;

/*!40101 SET CHARACTER_SET_CLIENT=@OLD_CHARACTER_SET_CLIENT */;
/*!40101 SET CHARACTER_SET_RESULTS=@OLD_CHARACTER_SET_RESULTS */;
/*!40101 SET COLLATION_CONNECTION=@OLD_COLLATION_CONNECTION */;
